;Country;2010;2011
1;Australia; 52.022,10 ; 62.517,80 
2;Austria; 46.858,00 ; 51.375,00 
3;Bahrain; 20.722,10 ; 22.514,30 
4;Belgium; 44.141,90 ; 47.348,50 
5;Brazil; 11.286,20 ; 13.245,60 
6;Canada; 47.450,30 ; 52.101,80 
7;Channel Islands; 74.463,10 ; 75.863,10 
8;Cyprus; 30.818,50 ; 32.233,60 
9;Czech Republic; 19.808,10 ; 21.717,50 
10;Denmark; 58.041,40 ; 61.753,60 
11;EIRE; 48.715,20 ; 51.848,90 
12;Finland; 46.460,00 ; 51.082,00 
13;France; 40.638,30 ; 43.790,70 
14;Germany ; 41.531,90 ; 46.644,80 
15;Greece; 26.917,80 ; 25.916,30 
16;Hong Kong; 32.550,00 ; 35.142,50 
17;Iceland; 43.024,90 ; 47.516,90 
18;Israel; 30.693,60 ; 33.669,20 
19;Italy; 36.000,50 ; 38.599,10 
20;Japan ; 44.507,70 ; 48.168,00 
21;Lebanon; 7.756,74 ; 7.703,39 
22;Lithuania; 11.953,90 ; 14.338,60 
23;Malta; 21.107,40 ; 22.845,90 
24;Netherlands; 50.950,00 ; 54.159,30 
25;Norway; 87.693,80 ; 100.601,00 
26;Poland; 12.599,50 ; 13.893,50 
27;Portugal; 22.498,70 ; 23.186,90 
28;RSA; 7.328,62 ; 8.007,41 
29;Saudi Arabia; 19.262,50 ; 23.745,80 
30;Singapore; 47.237,00 ; 53.890,40 
31;Spain; 30.502,70 ; 31.636,40 
32;Sweden; 52.817,40  ; 88.415,60 
33;Switzerland; 74.605,80 ; 88.415,60 
34;USA; 48.466,80 ; 49.883,10 
35;United Arab Emirates ; 33.893,30 ; 39.194,70 
36;United Kingdom; 39.435,80 ; 42.038,50 
